-- Generated from data/shifohiyya-1-lessons-1-10.json and data/shifohiyya-1-lessons-1-10-sentences.md
begin;

insert into public.lessons (id, title, level) values
  (1, '1-dars', 1),
  (2, '2-dars', 2),
  (3, '3-dars', 3),
  (4, '4-dars', 4),
  (5, '5-dars', 5),
  (6, '6-dars', 6),
  (7, '7-dars', 7),
  (8, '8-dars', 8),
  (9, '9-dars', 9),
  (10, '10-dars', 10),
  (11, '11-dars', 11)
on conflict (id) do update set title = excluded.title, level = excluded.level;

insert into public.lesson_words (lesson_id, position, arabic, uzbek) values
  (1, 1, 'هُوَ', 'u'),
  (1, 2, 'هُمْ', 'ular'),
  (1, 3, 'أَنْتَ', 'sen'),
  (1, 4, 'أَنْتُمْ', 'sizlar'),
  (1, 5, 'أَنَا', 'men'),
  (1, 6, 'نَحْنُ', 'biz'),
  (1, 7, 'كَبِيرٌ', 'katta'),
  (1, 8, 'كِبَارٌ', 'kattalar'),
  (1, 9, 'صَغِيرٌ', 'kichik'),
  (1, 10, 'صِغَارٌ', 'kichiklar'),
  (1, 11, 'طَوِيلٌ', 'uzun'),
  (1, 12, 'طِوَالٌ', 'uzunlar'),
  (1, 13, 'قَصِيرٌ', 'qisqa'),
  (1, 14, 'قِصَارٌ', 'qisqalar'),
  (2, 1, 'هِيَ', 'u (ayol)'),
  (2, 2, 'هُنَّ', 'ular (ayollar)'),
  (2, 3, 'أَنْتِ', 'sen (ayol)'),
  (2, 4, 'أَنْتُنَّ', 'sizlar (ayollar)'),
  (2, 5, 'كَبِيرَةٌ', 'katta (ayol)'),
  (2, 6, 'كَبِيرَاتٌ', 'kattalar (ayol)'),
  (2, 7, 'صَغِيرَةٌ', 'kichik (ayol)'),
  (2, 8, 'صَغِيرَاتٌ', 'kichiklar (ayol)'),
  (2, 9, 'طَوِيلَةٌ', 'uzun (ayol)'),
  (2, 10, 'طَوِيلَاتٌ', 'uzunlar (ayol)'),
  (2, 11, 'قَصِيرَةٌ', 'qisqa (ayol)'),
  (2, 12, 'قَصِيرَاتٌ', 'qisqalar (ayol)'),
  (3, 1, 'هَذَا', 'bu'),
  (3, 2, 'هَذِهِ', 'bu (ayol/narsa)'),
  (3, 3, 'هَؤُلَاءِ', 'bular'),
  (3, 4, 'ذَلِكَ', 'o''sha'),
  (3, 5, 'تِلْكَ', 'o''sha (ayol/narsa)'),
  (3, 6, 'أُولَئِكَ', 'o''shalar'),
  (3, 7, 'غَنِيٌّ', 'boy'),
  (3, 8, 'أَغْنِيَاءُ', 'boylar'),
  (3, 9, 'فَقِيرٌ', 'kambag''al'),
  (3, 10, 'فُقَرَاءُ', 'kambag''allar'),
  (3, 11, 'رَجُلٌ', 'erkak'),
  (3, 12, 'رِجَالٌ', 'erkaklar'),
  (3, 13, 'اِمْرَأَةٌ', 'ayol'),
  (3, 14, 'نِسَاءٌ', 'ayollar'),
  (4, 1, 'إِنْسَانٌ', 'kishi'),
  (4, 2, 'أُنَاسٌ', 'kishilar'),
  (4, 3, 'اَلنَّاسُ', 'kishilar/odamlar'),
  (4, 4, 'شَيْخٌ', 'qariya'),
  (4, 5, 'شُيُوخٌ', 'qariyalar'),
  (4, 6, 'عَجُوزٌ', 'kampir'),
  (4, 7, 'عَجَائِزُ', 'kampirlar'),
  (4, 8, 'شَابٌّ', 'yigit'),
  (4, 9, 'شُبَّانٌ', 'yigitlar'),
  (4, 10, 'صَبِيٌّ', 'go''dak'),
  (4, 11, 'صِبْيَانٌ', 'go''daklar'),
  (4, 12, 'وَلَدٌ', 'bola'),
  (4, 13, 'أَوْلَادٌ', 'bolalar'),
  (4, 14, 'خَادِمٌ', 'xodim'),
  (4, 15, 'خُدَّامٌ', 'xodimlar'),
  (4, 16, 'عَالِمٌ', 'olim'),
  (4, 17, 'عُلَمَاءُ', 'olimlar'),
  (5, 1, 'عَاقِلٌ', 'aqlli'),
  (5, 2, 'عُقَلَاءُ', 'aqllilar'),
  (5, 3, 'سَفِيهٌ', 'telba'),
  (5, 4, 'سُفَهَاءُ', 'telbalar'),
  (5, 5, 'ذَكِيٌّ', 'dono'),
  (5, 6, 'أَذْكِيَاءُ', 'donolar'),
  (5, 7, 'غَبِيٌّ', 'tentak'),
  (5, 8, 'أَغْبِيَاءُ', 'tentaklar'),
  (5, 9, 'سَمِينٌ', 'semiz'),
  (5, 10, 'سِمَانٌ', 'semizlar'),
  (5, 11, 'نَحِيفٌ', 'oriq'),
  (5, 12, 'نِحَافٌ', 'oriqlar'),
  (5, 13, 'قَوِيٌّ', 'kuchli'),
  (5, 14, 'أَقْوِيَاءُ', 'kuchlilar'),
  (5, 15, 'ضَعِيفٌ', 'kuchsiz'),
  (5, 16, 'ضُعَفَاءُ', 'kuchsizlar'),
  (5, 17, 'صَحِيحٌ', 'sog''lom'),
  (5, 18, 'أَصِحَّاءُ', 'sog''lomlar'),
  (5, 19, 'مَرِيضٌ', 'bemor'),
  (5, 20, 'مَرْضَى', 'bemorlar'),
  (6, 1, 'صَدِيقٌ', 'do''st'),
  (6, 2, 'أَصْدِقَاءُ', 'do''stlar'),
  (6, 3, 'عَدُوٌّ', 'dushman'),
  (6, 4, 'أَعْدَاءُ', 'dushmanlar'),
  (6, 5, 'جَارٌ', 'qo''shni'),
  (6, 6, 'جِيرَانٌ', 'qo''shnilar'),
  (6, 7, 'ضَيْفٌ', 'mehmon'),
  (6, 8, 'ضُيُوفٌ', 'mehmonlar'),
  (6, 9, 'صَدِيقَةٌ', 'do''st (ayol)'),
  (6, 10, 'عَدُوَّةٌ', 'dushman (ayol)'),
  (6, 11, 'جَارَةٌ', 'qo''shni (ayol)'),
  (6, 12, 'ضَيْفَةٌ', 'mehmon (ayol)'),
  (7, 1, 'أَبٌ', 'ota'),
  (7, 2, 'آبَاءٌ', 'otalar'),
  (7, 3, 'أُمٌّ', 'ona'),
  (7, 4, 'أُمَّهَاتٌ', 'onalar'),
  (7, 5, 'اِبْنٌ', 'o''g''il'),
  (7, 6, 'أَبْنَاءٌ', 'o''g''illar'),
  (7, 7, 'اِبْنَةٌ', 'qiz'),
  (7, 8, 'بَنَاتٌ', 'qizlar'),
  (7, 9, 'أَخٌ', 'aka/ini'),
  (7, 10, 'إِخْوَةٌ', 'akalar/inilar'),
  (7, 11, 'أُخْتٌ', 'opa/singil'),
  (7, 12, 'أَخَوَاتٌ', 'opa-singillar'),
  (7, 13, 'جَدٌّ', 'bobo'),
  (7, 14, 'أَجْدَادٌ', 'bobolar'),
  (7, 15, 'جَدَّةٌ', 'momo'),
  (7, 16, 'جَدَّاتٌ', 'momolar'),
  (7, 17, 'زَوْجٌ', 'er'),
  (7, 18, 'أَزْوَاجٌ', 'erlar'),
  (7, 19, 'زَوْجَةٌ', 'xotin'),
  (7, 20, 'زَوْجَاتٌ', 'xotinlar'),
  (8, 1, 'أُسْتَاذٌ', 'ustoz'),
  (8, 2, 'أَسَاتِذَةٌ', 'ustozlar'),
  (8, 3, 'تِلْمِيذٌ', 'shogird'),
  (8, 4, 'تَلَامِيذُ', 'shogirdlar'),
  (8, 5, 'طَبِيبٌ', 'tabib'),
  (8, 6, 'أَطِبَّاءُ', 'tabiblar'),
  (8, 7, 'تَاجِرٌ', 'savdogar'),
  (8, 8, 'تُجَّارٌ', 'savdogarlar'),
  (8, 9, 'صَانِعٌ', 'hunarmand'),
  (8, 10, 'صَنَعَةٌ', 'hunarmandlar'),
  (8, 11, 'مَاهِرٌ', 'mohir'),
  (8, 12, 'مَهَرَةٌ', 'mohirlar'),
  (8, 13, 'صَالِحٌ', 'solih kishi'),
  (8, 14, 'صُلَحَاءُ', 'solih kishilar'),
  (9, 1, 'إِمَامٌ', 'imom'),
  (9, 2, 'أَئِمَّةٌ', 'imomlar'),
  (9, 3, 'مُعَلِّمٌ', 'muallim'),
  (9, 4, 'مُعَلِّمُونَ', 'muallimlar'),
  (9, 5, 'مُدَرِّسٌ', 'mudarris/o''qituvchi'),
  (9, 6, 'مُدَرِّسُونَ', 'mudarrislar'),
  (9, 7, 'مُؤَذِّنٌ', 'muazzin'),
  (9, 8, 'مُؤَذِّنُونَ', 'muazzinlar'),
  (9, 9, 'مُتَكَبِّرٌ', 'mutakabbir'),
  (9, 10, 'مُتَكَبِّرُونَ', 'mutakabbirlar'),
  (9, 11, 'مُتَوَاضِعٌ', 'tavozeli'),
  (9, 12, 'مُتَوَاضِعُونَ', 'tavozelilar'),
  (9, 13, 'مَسْرُورٌ', 'xursand bo''lgan'),
  (9, 14, 'مَسْرُورُونَ', 'xursand bo''lganlar'),
  (9, 15, 'مَحْزُونٌ', 'xafa bo''lgan'),
  (9, 16, 'مَحْزُونُونَ', 'xafa bo''lganlar'),
  (9, 17, 'مُجْتَهِدٌ', 'tirishqoq/faol'),
  (9, 18, 'مُجْتَهِدُونَ', 'tirishqoq/faollar'),
  (9, 19, 'كَسْلَانُ', 'dangasa'),
  (9, 20, 'كُسَالَى', 'dangasalar'),
  (9, 21, 'صَادِقٌ', 'rostgo''y'),
  (9, 22, 'صَادِقُونَ', 'rostgo''ylar'),
  (9, 23, 'كَاذِبٌ', 'yolg''onchi'),
  (9, 24, 'كَاذِبُونَ', 'yolg''onchilar'),
  (10, 1, 'خَيَّاطٌ', 'tikuvchi'),
  (10, 2, 'خَيَّاطُونَ', 'tikuvchilar'),
  (10, 3, 'نَجَّارٌ', 'duradgor'),
  (10, 4, 'نَجَّارُونَ', 'duradgorlar'),
  (10, 5, 'حَدَّادٌ', 'temirchi'),
  (10, 6, 'خَبَّازٌ', 'nonvoy'),
  (10, 7, 'قَصَّابٌ', 'qassob'),
  (10, 8, 'خَفَّافٌ', 'etikdo''z/kosib'),
  (10, 9, 'حَلَّاقٌ', 'sartarosh'),
  (10, 10, 'قَصَّارٌ', 'kir yuvuvchi/oqqa bo''yovchi'),
  (10, 11, 'فَرَّاشٌ', 'farrosh'),
  (10, 12, 'حَمَّالٌ', 'yuk tashuvchi'),
  (10, 13, 'دَلَّالٌ', 'dallol'),
  (10, 14, 'فَلَّاحٌ', 'dehqon'),
  (10, 15, 'مَلَّاحٌ', 'dengizchi/matros'),
  (10, 16, 'بَطَّالٌ', 'ishsiz'),
  (11, 1, 'أَزْهَرُ', 'oq yuzli'),
  (11, 2, 'زُهْرٌ', 'oq yuzlilar'),
  (11, 3, 'أَسْمَرُ', 'qora yuzli'),
  (11, 4, 'سُمْرٌ', 'qora yuzlilar'),
  (11, 5, 'أَشْقَرُ', 'qizil yuzli'),
  (11, 6, 'شُقْرٌ', 'qizil yuzlilar'),
  (11, 7, 'أَخْرَسُ', 'tilsiz'),
  (11, 8, 'خُرْسٌ', 'tilsizlar'),
  (11, 9, 'أَصَمُّ', 'kar'),
  (11, 10, 'صُمٌّ', 'karlar'),
  (11, 11, 'أَعْمَى', 'ko''r'),
  (11, 12, 'عُمْيٌ', 'ko''rlar'),
  (11, 13, 'أَحْوَلُ', 'g''ilay ko''zli'),
  (11, 14, 'حُولٌ', 'g''ilay ko''zlilar'),
  (11, 15, 'أَشَلُّ', 'shol'),
  (11, 16, 'شُلٌّ', 'shollar'),
  (11, 17, 'أَعْرَجُ', 'oqsoq'),
  (11, 18, 'عُرْجٌ', 'oqsoqlar'),
  (11, 19, 'أَحْدَبُ', 'bukri'),
  (11, 20, 'حُدْبٌ', 'bukrilar'),
  (11, 21, 'أَلْثَغُ', 'soqov'),
  (11, 22, 'لُثْغٌ', 'soqovlar'),
  (11, 23, 'أَحْمَقُ', 'ahmoq'),
  (11, 24, 'حُمْقٌ', 'ahmoqlar'),
  (11, 25, 'زَهْرَاءُ', 'oq yuzli ayol'),
  (11, 26, 'سَمْرَاءُ', 'qora yuzli ayol'),
  (11, 27, 'شَقْرَاءُ', 'qizil yuzli ayol'),
  (11, 28, 'خَرْسَاءُ', 'tilsiz ayol'),
  (11, 29, 'صَمَّاءُ', 'kar ayol'),
  (11, 30, 'عَمْيَاءُ', 'ko''r ayol'),
  (11, 31, 'حَوْلَاءُ', 'g''ilay ko''zli ayol'),
  (11, 32, 'شَلَّاءُ', 'shol ayol'),
  (11, 33, 'عَرْجَاءُ', 'oqsoq ayol'),
  (11, 34, 'حَدْبَاءُ', 'bukri ayol'),
  (11, 35, 'لَثْغَاءُ', 'soqov ayol'),
  (11, 36, 'حَمْقَاءُ', 'ahmoq ayol')
on conflict (lesson_id, position) do update
set arabic = excluded.arabic,
    uzbek = excluded.uzbek;

insert into public.lesson_sentences (lesson_id, position, arabic, uzbek) values
  (1, 1, 'هُوَ كَبِيرٌ', 'U kattadir'),
  (1, 2, 'هُمْ كِبَارٌ', 'Ular kattalardir'),
  (1, 3, 'أَنْتَ صَغِيرٌ', 'Sen kichiksan'),
  (1, 4, 'أَنْتُمْ صِغَارٌ', 'Sizlar kichiklarsiz'),
  (1, 5, 'أَنَا طَوِيلٌ', 'Men uzunman'),
  (1, 6, 'نَحْنُ طِوَالٌ', 'Biz uzunlarmiz'),
  (1, 7, 'هُوَ قَصِيرٌ', 'U qisqadir'),
  (1, 8, 'هُمْ قِصَارٌ', 'Ular qisqalardir'),
  (1, 9, 'أَنْتَ طَوِيلٌ', 'Sen uzunsan'),
  (1, 10, 'أَنْتُمْ طِوَالٌ', 'Sizlar uzunlarsiz'),
  (1, 11, 'أَنَا كَبِيرٌ', 'Men kattaman'),
  (1, 12, 'نَحْنُ كِبَارٌ', 'Biz kattalarmiz'),
  (2, 1, 'هِيَ كَبِيرَةٌ', 'U (ayol) kattadir'),
  (2, 2, 'هُنَّ كَبِيرَاتٌ', 'Ular (ayollar) kattalardir'),
  (2, 3, 'أَنْتِ صَغِيرَةٌ', 'Sen (ayol) kichiksan'),
  (2, 4, 'أَنْتُنَّ صَغِيرَاتٌ', 'Siz (ayollar) kichiklarsiz'),
  (2, 5, 'أَنَا طَوِيلَةٌ', 'Men (ayol) uzunman'),
  (2, 6, 'نَحْنُ طَوِيلَاتٌ', 'Biz (ayollar) uzunlarmiz'),
  (2, 7, 'هِيَ قَصِيرَةٌ', 'U (ayol) qisqadir'),
  (2, 8, 'هُنَّ قَصِيرَاتٌ', 'Ular (ayollar) qisqalardir'),
  (2, 9, 'أَنْتِ طَوِيلَةٌ', 'Sen (ayol) uzunsan'),
  (2, 10, 'أَنْتُنَّ طَوِيلَاتٌ', 'Siz (ayollar) uzunlarsiz'),
  (2, 11, 'أَنَا كَبِيرَةٌ', 'Men (ayol) kattaman'),
  (2, 12, 'نَحْنُ كَبِيرَاتٌ', 'Biz (ayollar) kattalarmiz'),
  (3, 1, 'هَذَا الرَّجُلُ غَنِيٌّ', 'Bu kishi boydir'),
  (3, 2, 'هَؤُلَاءِ الرِّجَالُ أَغْنِيَاءُ', 'Bu kishilar boylardir'),
  (3, 3, 'هَذِهِ الْمَرْأَةُ غَنِيَّةٌ', 'Bu ayol boydir'),
  (3, 4, 'هَؤُلَاءِ النِّسَاءُ غَنِيَّاتٌ', 'Bu ayollar boylardir'),
  (3, 5, 'ذَاكَ الرَّجُلُ فَقِيرٌ', 'Anavi kishi kambag''aldir'),
  (3, 6, 'أُولَئِكَ الرِّجَالُ فُقَرَاءُ', 'Anavi kishilar kambag''allardir'),
  (3, 7, 'تِلْكَ الْمَرْأَةُ فَقِيرَةٌ', 'Anavi ayol kambag''aldir'),
  (3, 8, 'أُولَئِكَ النِّسَاءُ فَقِيرَاتٌ', 'Anavi ayollar kambag''allardir'),
  (3, 9, 'هَذَا الرَّجُلُ كَبِيرٌ', 'Bu kishi kattadir'),
  (3, 10, 'هَؤُلَاءِ الرِّجَالُ كِبَارٌ', 'Bu kishilar kattalardir'),
  (3, 11, 'هَذِهِ الْمَرْأَةُ صَغِيرَةٌ', 'Bu ayol kichikdir'),
  (3, 12, 'هَؤُلَاءِ النِّسَاءُ صَغِيرَاتٌ', 'Bu ayollar kichiklardir'),
  (3, 13, 'ذَاكَ الرَّجُلُ طَوِيلٌ', 'Anavi kishi uzundir'),
  (3, 14, 'أُولَئِكَ الرِّجَالُ طِوَالٌ', 'Anavi kishilar uzunlardir'),
  (3, 15, 'تِلْكَ الْمَرْأَةُ قَصِيرَةٌ', 'Anavi ayol qisqadir'),
  (3, 16, 'أُولَئِكَ النِّسَاءُ قَصِيرَاتٌ', 'Anavi ayollar qisqalardir'),
  (4, 1, 'هَذَا الإِنْسَانُ شَيْخٌ', 'Bu kishi qariyadir'),
  (4, 2, 'هَؤُلَاءِ النَّاسُ شُيُوخٌ', 'Bu kishilar qariyalardir'),
  (4, 3, 'ذَاكَ الشَّيْخُ عَالِمٌ', 'Anavi qariya olimdir'),
  (4, 4, 'أُولَئِكَ الشُّيُوخُ عُلَمَاءُ', 'Anavi qariyalar olimlardir'),
  (4, 5, 'تِلْكَ الْعَجُوزُ جَاهِلَةٌ', 'Anavi kampir johildir'),
  (4, 6, 'أُولَئِكَ الْعَجَائِزُ جَاهِلَاتٌ', 'Anavi kampirlar johillardir'),
  (4, 7, 'هَذَا الْوَلَدُ صَبِيٌّ', 'Bu bola go''dakdir'),
  (4, 8, 'هَؤُلَاءِ الأَوْلَادُ صِبْيَانٌ', 'Bu bolalar go''daklardir'),
  (4, 9, 'تِلْكَ الصَّبِيَّةُ جَاهِلَةٌ', 'Anavi go''dak qiz johildir'),
  (4, 10, 'أُولَئِكَ الصَّبِيَّاتُ جَاهِلَاتٌ', 'Anavi go''dak qizlar johillardir'),
  (4, 11, 'هَذَا الْخَادِمُ شَابٌّ', 'Bu xodim yigitdir'),
  (4, 12, 'هَؤُلَاءِ الْخُدَّامُ شُبَّانٌ', 'Bu xodimlar yigitlardir'),
  (4, 13, 'تِلْكَ الْخَادِمَةُ شَابَّةٌ', 'Anavi xodima bo''yga yetgan qizdir'),
  (4, 14, 'أُولَئِكَ الْخَادِمَاتُ شَابَّاتٌ', 'Anavi xodimalar bo''yga yetgan qizlardir'),
  (4, 15, 'هُوَ شَابٌّ', 'U yigitdir'),
  (4, 16, 'هُمْ شُبَّانٌ', 'Ular yigitlardir'),
  (4, 17, 'هِيَ شَابَّةٌ', 'U qiz bo''yga yetgandir'),
  (4, 18, 'هُنَّ شَابَّاتٌ', 'Ular qizlar bo''yga yetgandirlar'),
  (4, 19, 'أَنْتَ صَبِيٌّ', 'Sen go''daksan'),
  (4, 20, 'أَنْتُمْ صِبْيَانٌ', 'Sizlar go''daklarsiz'),
  (4, 21, 'أَنْتِ صَبِيَّةٌ', 'Sen go''dak qizsan'),
  (4, 22, 'أَنْتُنَّ صَبِيَّاتٌ', 'Sizlar go''dak qizlarsiz'),
  (4, 23, 'أَنَا شَيْخٌ', 'Men qariyaman'),
  (4, 24, 'نَحْنُ شُيُوخٌ', 'Biz qariyalarmiz'),
  (4, 25, 'هُوَ خَادِمٌ', 'U xodimdir'),
  (4, 26, 'هُمْ خُدَّامٌ', 'Ular xodimlardir'),
  (4, 27, 'هِيَ خَادِمَةٌ', 'U xodimadir'),
  (4, 28, 'هُنَّ خَادِمَاتٌ', 'Ular xodimalardir'),
  (4, 29, 'أَنْتَ عَالِمٌ', 'Sen olimsan'),
  (4, 30, 'أَنْتُمْ عُلَمَاءُ', 'Sizlar olimlarsiz'),
  (4, 31, 'أَنْتِ عَالِمَةٌ', 'Sen (ayol) olimasan'),
  (4, 32, 'أَنْتُنَّ عَالِمَاتٌ', 'Siz (ayollar) olimalarsiz'),
  (4, 33, 'أَنَا جَاهِلٌ', 'Men johilman'),
  (4, 34, 'نَحْنُ جُهَلَاءُ', 'Biz johillarmiz'),
  (4, 35, 'أَنَا جَاهِلَةٌ', 'Men (ayol) johilman'),
  (4, 36, 'نَحْنُ جَاهِلَاتٌ', 'Biz (ayollar) johillarmiz'),
  (4, 37, 'هَذَا الرَّجُلُ شَيْخٌ', 'Bu kishi qariyadir'),
  (4, 38, 'هَؤُلَاءِ الرِّجَالُ شُيُوخٌ', 'Bu kishilar qariyalardir'),
  (4, 39, 'هَذِهِ الْمَرْأَةُ عَجُوزٌ', 'Bu ayol kampirdir'),
  (4, 40, 'هَؤُلَاءِ النِّسَاءُ عَجَائِزُ', 'Bu ayollar kampirlardir'),
  (5, 1, 'هُوَ عَاقِلٌ', 'U aqllidir'),
  (5, 2, 'هُمْ عُقَلَاءُ', 'Ular aqllilardir'),
  (5, 3, 'هِيَ سَفِيهَةٌ', 'U (ayol) telbadir'),
  (5, 4, 'هُنَّ سَفِيهَاتٌ', 'Ular (ayollar) telbalardir'),
  (5, 5, 'أَنْتَ ذَكِيٌّ', 'Sen donosans'),
  (5, 6, 'أَنْتُمْ أَذْكِيَاءُ', 'Sizlar donolarsiz'),
  (5, 7, 'أَنْتِ غَبِيَّةٌ', 'Sen (ayol) tentaksan'),
  (5, 8, 'أَنْتُنَّ غَبِيَّاتٌ', 'Siz (ayollar) tentaklarsiz'),
  (5, 9, 'أَنَا سَمِينٌ', 'Men semizman'),
  (5, 10, 'نَحْنُ سِمَانٌ', 'Biz semizlarmiz'),
  (5, 11, 'هَذَا الرَّجُلُ سَمِينٌ', 'Bu kishi semizdir'),
  (5, 12, 'هَؤُلَاءِ الرِّجَالُ سِمَانٌ', 'Bu kishilar semizlardir'),
  (5, 13, 'هَذِهِ الْمَرْأَةُ نَحِيفَةٌ', 'Bu ayol oriqdir'),
  (5, 14, 'هَؤُلَاءِ النِّسَاءُ نَحِيفَاتٌ', 'Bu ayollar oriqlardir'),
  (5, 15, 'ذَاكَ الرَّجُلُ قَوِيٌّ', 'Anavi kishi kuchlidir'),
  (5, 16, 'أُولَئِكَ الرِّجَالُ أَقْوِيَاءُ', 'Anavi kishilar kuchlilardir'),
  (5, 17, 'تِلْكَ الْمَرْأَةُ ضَعِيفَةٌ', 'Anavi ayol kuchsizdir'),
  (5, 18, 'أُولَئِكَ النِّسَاءُ ضَعِيفَاتٌ', 'Anavi ayollar kuchsizlardir'),
  (5, 19, 'هَذَا الإِنْسَانُ صَحِيحٌ', 'Bu kishi sog''lomdir'),
  (5, 20, 'هَؤُلَاءِ النَّاسُ أَصِحَّاءُ', 'Bu kishilar sog''lomlardir'),
  (5, 21, 'ذَاكَ الإِنْسَانُ مَرِيضٌ', 'Anavi kishi bemordir'),
  (5, 22, 'أُولَئِكَ النَّاسُ مَرْضَى', 'Anavi kishilar bemorlardir'),
  (5, 23, 'هَذَا الشَّيْخُ عَاقِلٌ', 'Bu qariya aqllidir'),
  (5, 24, 'هَؤُلَاءِ الشُّيُوخُ عُقَلَاءُ', 'Bu qariyalar aqllilardir'),
  (5, 25, 'تِلْكَ الْعَجُوزُ سَفِيهَةٌ', 'Anavi kampir telbadir'),
  (5, 26, 'أُولَئِكَ الْعَجَائِزُ سَفِيهَاتٌ', 'Anavi kampirlar telbalardir'),
  (5, 27, 'هَذَا الشَّابُّ ذَكِيٌّ', 'Bu yigit donodir'),
  (5, 28, 'هَؤُلَاءِ الشُّبَّانُ أَذْكِيَاءُ', 'Bu yigitlar donolardir'),
  (5, 29, 'هَذَا الصَّبِيُّ سَمِينٌ', 'Bu go''dak semizdir'),
  (5, 30, 'هَؤُلَاءِ الصِّبْيَانُ سِمَانٌ', 'Bu go''daklar semizlardir'),
  (5, 31, 'ذَاكَ الْوَلَدُ قَوِيٌّ', 'Anavi bola kuchlidir'),
  (5, 32, 'أُولَئِكَ الأَوْلَادُ أَقْوِيَاءُ', 'Anavi bolalar kuchlilardir'),
  (5, 33, 'هَذَا الْخَادِمُ صَحِيحٌ', 'Bu xodim sog''lomdir'),
  (5, 34, 'هَؤُلَاءِ الْخُدَّامُ أَصِحَّاءُ', 'Bu xodimlar sog''lomlardir'),
  (5, 35, 'هَذِهِ الْخَادِمَةُ مَرِيضَةٌ', 'Bu xodima bemordir'),
  (5, 36, 'هَؤُلَاءِ الْخَادِمَاتُ مَرِيضَاتٌ', 'Bu xodimalar bemorlardir'),
  (5, 37, 'هُوَ قَوِيٌّ', 'U kuchlidir'),
  (5, 38, 'هُمْ أَقْوِيَاءُ', 'Ular kuchlilardir'),
  (5, 39, 'هِيَ ضَعِيفَةٌ', 'U (ayol) kuchsizdir'),
  (5, 40, 'هُنَّ ضَعِيفَاتٌ', 'Ular (ayollar) kuchsizlardir'),
  (5, 41, 'أَنْتَ صَحِيحٌ', 'Sen sog''lomsan'),
  (5, 42, 'أَنْتُمْ أَصِحَّاءُ', 'Sizlar sog''lomlarsiz'),
  (5, 43, 'أَنْتِ مَرِيضَةٌ', 'Sen (ayol) bemorsan'),
  (5, 44, 'أَنْتُنَّ مَرِيضَاتٌ', 'Siz (ayollar) bemorlarsiz'),
  (5, 45, 'أَنَا صَحِيحٌ', 'Men sog''lomman'),
  (5, 46, 'نَحْنُ أَصِحَّاءُ', 'Biz sog''lomlarmiz'),
  (6, 1, 'صَدِيقُهُ غَنِيٌّ', 'Uning do''sti boydir'),
  (6, 2, 'أَصْدِقَاؤُهُمْ أَغْنِيَاءُ', 'Ularning do''stlari boylardir'),
  (6, 3, 'صَدِيقَتُهَا فَقِيرَةٌ', 'Uning ayol do''sti kambag''aldir'),
  (6, 4, 'صَدِيقَاتُهَا فَقِيرَاتٌ', 'Uning ayol do''stlari kambag''allardir'),
  (6, 5, 'صَدِيقُكَ شَيْخٌ', 'Sening do''sting qariyadir'),
  (6, 6, 'أَصْدِقَاؤُكُمْ شُيُوخٌ', 'Sizlarning do''stlaringiz qariyalardir'),
  (6, 7, 'صَدِيقَتُكِ عَجُوزٌ', 'Sening ayol do''sting kampirdir'),
  (6, 8, 'صَدِيقَاتُكُنَّ عَجَائِزُ', 'Siz ayollarning do''stlari kampirlardir'),
  (6, 9, 'صَدِيقِي شَابٌّ', 'Mening do''stim yigitdir'),
  (6, 10, 'أَصْدِقَائِي شُبَّانٌ', 'Mening do''stlarim yigitlardir'),
  (6, 11, 'صَدِيقَتِي شَابَّةٌ', 'Mening ayol do''stim bo''yga yetgan qizdir'),
  (6, 12, 'صَدِيقَاتُنَا شَابَّاتٌ', 'Bizning ayol do''stlarimiz bo''yga yetgan qizlardir'),
  (6, 13, 'عَدُوُّهُ جَاهِلٌ', 'Uning dushmani johildir'),
  (6, 14, 'أَعْدَاؤُهُمْ جُهَلَاءُ', 'Ularning dushmanlari johillardir'),
  (6, 15, 'عَدُوَّتُهَا سَفِيهَةٌ', 'Uning ayol dushmani telbadir'),
  (6, 16, 'عَدُوَّاتُهَا سَفِيهَاتٌ', 'Uning ayol dushmanlari telbalardir'),
  (6, 17, 'عَدُوُّكَ غَبِيٌّ', 'Sening dushmaning tentakdir'),
  (6, 18, 'أَعْدَاؤُكُمْ أَغْبِيَاءُ', 'Sizlarning dushmanlaringiz tentaklardir'),
  (6, 19, 'عَدُوَّتُكِ ضَعِيفَةٌ', 'Sening ayol dushmaning kuchsizdir'),
  (6, 20, 'عَدُوَّاتُكُنَّ ضَعِيفَاتٌ', 'Siz ayollarning dushmanlari kuchsizlardir'),
  (6, 21, 'عَدُوِّي مَرِيضٌ', 'Mening dushmanim bemordir'),
  (6, 22, 'أَعْدَاؤُنَا مَرْضَى', 'Bizning dushmanlarimiz bemorlardir'),
  (6, 23, 'جَارُهُ عَاقِلٌ', 'Uning qo''shnisi aqllidir'),
  (6, 24, 'جِيرَانُهُمْ عُقَلَاءُ', 'Ularning qo''shnilari aqllilardir'),
  (6, 25, 'جَارَتُكِ ذَكِيَّةٌ', 'Sening ayol qo''shning donodir'),
  (6, 26, 'جَارَاتُكُنَّ ذَكِيَّاتٌ', 'Siz ayollarning qo''shnilari donolardir'),
  (6, 27, 'جَارِي مَرِيضٌ', 'Mening qo''shnim bemordir'),
  (6, 28, 'جِيرَانُنَا سِمَانٌ', 'Bizning qo''shnilarimiz semizlardir'),
  (6, 29, 'جَارَتِي سَفِيهَةٌ', 'Mening ayol qo''shnim telbadir'),
  (6, 30, 'جَارَاتِي سَفِيهَاتٌ', 'Mening ayol qo''shnilarim telbalardir'),
  (6, 31, 'ضَيْفُهُ قَوِيٌّ', 'Uning mehmoni kuchlidir'),
  (6, 32, 'ضُيُوفُهُمْ أَقْوِيَاءُ', 'Ularning mehmonlari kuchlilardir'),
  (6, 33, 'ضَيْفَتُكَ صَحِيحَةٌ', 'Sening ayol mehmoning sog''lomdir'),
  (6, 34, 'ضَيْفَاتُكُمْ صَحِيحَاتٌ', 'Sizlarning ayol mehmonlaringiz sog''lomdir'),
  (6, 35, 'ضَيْفِي عَالِمٌ', 'Mening mehmonim olimdir'),
  (6, 36, 'ضُيُوفُنَا عُلَمَاءُ', 'Bizning mehmonlarimiz olimlardir'),
  (6, 37, 'ضَيْفَتِي جَاهِلَةٌ', 'Mening ayol mehmonim johildir'),
  (6, 38, 'ضَيْفَاتِي جَاهِلَاتٌ', 'Mening ayol mehmonlarim johillardir'),
  (6, 39, 'وَلَدُهُ ذَكِيٌّ', 'Uning bolasi donodir'),
  (6, 40, 'أَوْلَادُهُمْ أَذْكِيَاءُ', 'Ularning bolalari donolardir'),
  (6, 41, 'وَلَدُكَ سَمِينٌ', 'Sening bolang semizdir'),
  (6, 42, 'أَوْلَادُكُمْ سِمَانٌ', 'Sizlarning bolalaringiz semizlardir'),
  (6, 43, 'وَلَدِي قَوِيٌّ', 'Mening bolam kuchlidir'),
  (6, 44, 'أَوْلَادُنَا أَقْوِيَاءُ', 'Bizning bolalarimiz kuchlilardir'),
  (6, 45, 'خَادِمُهُ سَفِيهٌ', 'Uning xodimi telbadir'),
  (6, 46, 'خُدَّامُهُمْ سُفَهَاءُ', 'Ularning xodimlari telbalardir'),
  (6, 47, 'خَادِمَتُهَا ذَكِيَّةٌ', 'Uning xodimasi donodir'),
  (6, 48, 'خَادِمَاتُهَا ذَكِيَّاتٌ', 'Uning xodimalari donolardir'),
  (6, 49, 'خَادِمُكَ غَبِيٌّ', 'Sening xodiming tentakdir'),
  (6, 50, 'خُدَّامُكُمْ أَغْبِيَاءُ', 'Sizlarning xodimlaringiz tentaklardir'),
  (6, 51, 'خَادِمَتُكِ سَمِينَةٌ', 'Sening xodimang semizdir'),
  (6, 52, 'خَادِمَاتُكُنَّ سَمِينَاتٌ', 'Siz ayollarning xodimalari semizlardir'),
  (6, 53, 'خَادِمِي قَوِيٌّ', 'Mening xodimim kuchlidir'),
  (6, 54, 'خُدَّامُنَا أَقْوِيَاءُ', 'Bizning xodimlarimiz kuchlilardir'),
  (6, 55, 'خَادِمَتِي عَاقِلَةٌ', 'Mening xodimam aqllidir'),
  (6, 56, 'خَادِمَاتُنَا عَاقِلَاتٌ', 'Bizning xodimalarimiz aqllilardir'),
  (6, 57, 'هُوَ صَدِيقِي', 'U mening do''stimdir'),
  (6, 58, 'هُمْ أَصْدِقَاؤُنَا', 'Ular bizning do''stlarimizdir'),
  (6, 59, 'أَنْتَ عَدُوُّهُ', 'Sen uning dushmanisan'),
  (6, 60, 'أَنْتُمْ أَعْدَاؤُهُمْ', 'Sizlar ularning dushmanlarisiz'),
  (6, 61, 'أَنَا صَدِيقُكَ', 'Men sening do''stingman'),
  (6, 62, 'نَحْنُ أَصْدِقَاؤُكُمْ', 'Biz sizlarning do''stlaringizmiz'),
  (6, 63, 'هُوَ جَارُكَ', 'U sening qo''shningdir'),
  (6, 64, 'هُمْ جِيرَانُكُمْ', 'Ular sizlarning qo''shnilaringizdir'),
  (6, 65, 'أَنْتَ ضَيْفِي', 'Sen mening mehmonimsan'),
  (6, 66, 'أَنْتُمْ ضُيُوفُنَا', 'Sizlar bizning mehmonlarimizsiz'),
  (6, 67, 'أَنَا جَارُكَ', 'Men sening qo''shningman'),
  (6, 68, 'نَحْنُ جِيرَانُكُمْ', 'Biz sizlarning qo''shnilaringizmiz'),
  (7, 1, 'أَبُوهُ غَنِيٌّ', 'Uning otasi boydir'),
  (7, 2, 'آبَاؤُهُمْ أَغْنِيَاءُ', 'Ularning otalari boylardir'),
  (7, 3, 'أَبُوهَا عَالِمٌ', 'Uning otasi olimdir'),
  (7, 4, 'آبَاؤُهَا عُلَمَاءُ', 'Ularning otalari olimlardir'),
  (7, 5, 'أَبُوكَ شَيْخٌ', 'Sening otang qariyadir'),
  (7, 6, 'آبَاؤُكُمْ شُيُوخٌ', 'Sizlarning otalaringiz qariyalardir'),
  (7, 7, 'أَبُوكِ شَابٌّ', 'Sening otang yigitdir'),
  (7, 8, 'آبَاؤُكُنَّ شُبَّانٌ', 'Siz ayollarning otalari yigitlardir'),
  (7, 9, 'أَبِي عَاقِلٌ', 'Mening otam aqllidir'),
  (7, 10, 'آبَاؤُنَا عُقَلَاءُ', 'Bizning otalarimiz aqllilardir'),
  (7, 11, 'أُمُّهُ غَنِيَّةٌ', 'Uning onasi boydir'),
  (7, 12, 'أُمَّهَاتُهُمْ غَنِيَّاتٌ', 'Ularning onalari boylardir'),
  (7, 13, 'أُمُّهَا عَالِمَةٌ', 'Uning onasi olimadir'),
  (7, 14, 'أُمَّهَاتُهُنَّ عَالِمَاتٌ', 'Ularning onalari olimalardir'),
  (7, 15, 'أُمُّكَ عَجُوزٌ', 'Sening onang kampirdir'),
  (7, 16, 'أُمَّهَاتُكُمْ عَجَائِزُ', 'Sizlarning onalaringiz kampirlardir'),
  (7, 17, 'أُمُّكِ عَاقِلَةٌ', 'Sening onang aqllidir'),
  (7, 18, 'أُمَّهَاتُكُنَّ عَاقِلَاتٌ', 'Siz ayollarning onalari aqllilardir'),
  (7, 19, 'أُمِّي عَالِمَةٌ', 'Mening onam olimadir'),
  (7, 20, 'أُمَّهَاتُنَا عَالِمَاتٌ', 'Bizning onalarimiz olimalardir'),
  (7, 21, 'اِبْنُهُ كَبِيرٌ', 'Uning o''g''li kattadir'),
  (7, 22, 'أَبْنَاؤُهُمْ كِبَارٌ', 'Ularning o''g''illari kattalardir'),
  (7, 23, 'اِبْنُكَ صَغِيرٌ', 'Sening o''g''ling kichikdir'),
  (7, 24, 'أَبْنَاؤُكُمْ صِغَارٌ', 'Sizlarning o''g''illaringiz kichiklardir'),
  (7, 25, 'اِبْنِي عَاقِلٌ', 'Mening o''g''lim aqllidir'),
  (7, 26, 'أَبْنَائِي عُقَلَاءُ', 'Mening o''g''illarim aqllilardir'),
  (7, 27, 'اِبْنَتُهَا ذَكِيَّةٌ', 'Uning qizi donodir'),
  (7, 28, 'بَنَاتُهَا ذَكِيَّاتٌ', 'Uning qizlari donolardir'),
  (7, 29, 'اِبْنَتُكِ سَمِينَةٌ', 'Sening qizing semizdir'),
  (7, 30, 'بَنَاتُكُنَّ سَمِينَاتٌ', 'Siz ayollarning qizlari semizdir'),
  (7, 31, 'اِبْنَتِي صَحِيحَةٌ', 'Mening qizim sog''lomdir'),
  (7, 32, 'بَنَاتُنَا صَحِيحَاتٌ', 'Bizning qizlarimiz sog''lomdir'),
  (7, 33, 'أَخُوهُ قَوِيٌّ', 'Uning akasi/inisi kuchlidir'),
  (7, 34, 'إِخْوَتُهُمْ أَقْوِيَاءُ', 'Ularning aka-ukalari kuchlilardir'),
  (7, 35, 'أُخْتُكَ ضَعِيفَةٌ', 'Sening opa-singling kuchsizdir'),
  (7, 36, 'أَخَوَاتُكُمْ ضَعِيفَاتٌ', 'Sizlarning opa-singillaringiz kuchsizdir'),
  (7, 37, 'جَدِّي شَيْخٌ', 'Mening bobom qariyadir'),
  (7, 38, 'أَجْدَادِي شُيُوخٌ', 'Mening bobolarim qariyalardir'),
  (7, 39, 'جَدَّتِي عَجُوزٌ', 'Mening momom kampirdir'),
  (7, 40, 'جَدَّاتِي عَجَائِزُ', 'Mening momolarim kampirlardir'),
  (7, 41, 'زَوْجُهَا غَنِيٌّ', 'Uning eri boydir'),
  (7, 42, 'أَزْوَاجُهَا أَغْنِيَاءُ', 'Ularning erlari boylardir'),
  (7, 43, 'زَوْجَتُكَ عَالِمَةٌ', 'Sening xotining olimadir'),
  (7, 44, 'زَوْجَاتُكُمْ عَالِمَاتٌ', 'Sizlarning xotinlaringiz olimalardir'),
  (7, 45, 'خَتَنُ عَلِيٍّ فَقِيرٌ', 'Alining kuyovi kambag''aldir'),
  (7, 46, 'أَخْتَانُ عَلِيٍّ فُقَرَاءُ', 'Alining kuyovlari kambag''allardir'),
  (7, 47, 'كَنَّةُ عَلِيٍّ جَاهِلَةٌ', 'Alining kelini johildir'),
  (7, 48, 'كَنَّاتُ عَلِيٍّ جَاهِلَاتٌ', 'Alining kelinlari johillardir'),
  (7, 49, 'أَبُو مَرْيَمَ عَاقِلٌ', 'Maryamning otasi aqllidir'),
  (7, 50, 'أُمُّ زَيْنَبَ عَاقِلَةٌ', 'Zaynabning onasi aqllidir'),
  (7, 51, 'اِبْنُ خَدِيجَةَ ذَكِيٌّ', 'Xadichaning o''g''li donodir'),
  (7, 52, 'أَبْنَاءُ خَدِيجَةَ أَذْكِيَاءُ', 'Xadichaning o''g''illari donolardir'),
  (7, 53, 'اِبْنَةُ عَائِشَةَ غَبِيَّةٌ', 'Oishaning qizi tentakdir'),
  (7, 54, 'بَنَاتُ عَائِشَةَ غَبِيَّاتٌ', 'Oishaning qizlari tentaklardir'),
  (7, 55, 'هُوَ أَبُوكَ', 'U sening otangdir'),
  (7, 56, 'هُمْ آبَاؤُكُمْ', 'Ular sizlarning otalaringizdir'),
  (7, 57, 'هِيَ أُمُّكِ', 'U sening onangdir'),
  (7, 58, 'هُنَّ أُمَّهَاتُكُنَّ', 'Ular siz ayollarning onalaridir'),
  (7, 59, 'أَنْتَ اِبْنُهُ', 'Sen uning o''g''lisan'),
  (7, 60, 'أَنْتُمْ أَبْنَاءٌ', 'Sizlar o''g''illarsiz'),
  (7, 61, 'أَنْتِ اِبْنَتُهَا', 'Sen uning qizisan'),
  (7, 62, 'أَنْتُنَّ بَنَاتُهَا', 'Sizlar uning qizlarisiz'),
  (7, 63, 'أَنَا أَخُوكَ', 'Men sening akang/iningsan'),
  (7, 64, 'نَحْنُ إِخْوَتُكُمْ', 'Biz sizlarning aka-ukalaringizmiz'),
  (8, 1, 'هَذَا أُسْتَاذٌ', 'Bu ustozdir'),
  (8, 2, 'هَؤُلَاءِ أَسَاتِذَةٌ', 'Bular ustozlardir'),
  (8, 3, 'ذَلِكَ تِلْمِيذٌ', 'Anavi shogirddir'),
  (8, 4, 'أُولَئِكَ تَلَامِيذُ', 'Anavilar shogirdlardir'),
  (8, 5, 'هَذَا طَبِيبٌ مَاهِرٌ', 'Bu mohir tabibdir'),
  (8, 6, 'هَؤُلَاءِ أَطِبَّاءُ مَهَرَةٌ', 'Bular mohir tabiblardir'),
  (8, 7, 'ذَلِكَ تَاجِرٌ صَالِحٌ', 'Anavi solih savdogardir'),
  (8, 8, 'أُولَئِكَ تُجَّارٌ صُلَحَاءُ', 'Anavilar solih savdogarlardir'),
  (8, 9, 'هَذَا صَانِعٌ مَاهِرٌ', 'Bu mohir hunarmanddir'),
  (8, 10, 'هَؤُلَاءِ صَنَعَةٌ مَهَرَةٌ', 'Bular mohir hunarmandlardir'),
  (8, 11, 'أُسْتَاذُنَا صَالِحٌ', 'Bizning ustozimiz solih kishidir'),
  (8, 12, 'تَلَامِيذُكُمْ مَهَرَةٌ', 'Sizlarning shogirdlaringiz mohirlardir'),
  (8, 13, 'أَطِبَّاؤُنَا صُلَحَاءُ', 'Bizning tabiblarimiz solih kishilardir'),
  (8, 14, 'صَنَعَتُهُمْ مَهَرَةٌ', 'Ularning hunarmandlari mohirlardir'),
  (9, 1, 'هَذَا الرَّجُلُ إِمَامٌ غَنِيٌّ', 'Bu kishi boy imomdir'),
  (9, 2, 'هَؤُلَاءِ الرِّجَالُ أَئِمَّةٌ أَغْنِيَاءُ', 'Bu kishilar boy imomlardir'),
  (9, 3, 'هَذَا الْمُعَلِّمُ رَجُلٌ ذَكِيٌّ', 'Bu o''qituvchi dono kishidir'),
  (9, 4, 'هَؤُلَاءِ الْمُعَلِّمُونَ رِجَالٌ أَذْكِيَاءُ', 'Bu o''qituvchilar dono kishilardir'),
  (9, 5, 'الرَّجُلُ الْفَاسِقُ غَبِيٌّ', 'Gunohkor kishi nodondir'),
  (9, 6, 'الرِّجَالُ الْفَسَقَةُ أَغْبِيَاءُ', 'Gunohkor kishilar nodonlardir'),
  (9, 7, 'هَذَا الْمُدَرِّسُ غَنِيٌّ', 'Bu mudarris badavlatdir'),
  (9, 8, 'هَؤُلَاءِ الْمُدَرِّسُونَ أَغْنِيَاءُ', 'Bu mudarrislar badavlatlardir'),
  (9, 9, 'ذَاكَ الْمُؤَذِّنُ فَقِيرٌ', 'Anavi muazzin kambag''aldir'),
  (9, 10, 'أُولَئِكَ الْمُؤَذِّنُونَ فُقَرَاءُ', 'Anavi muazzinlar kambag''allardir'),
  (9, 11, 'هَذَا الرَّجُلُ مُتَكَبِّرٌ', 'Bu kishi takabburdir'),
  (9, 12, 'هَؤُلَاءِ الرِّجَالُ مُتَكَبِّرُونَ', 'Bu kishilar takabburlardir'),
  (9, 13, 'تِلْكَ الْمَرْأَةُ مُتَوَاضِعَةٌ', 'Anavi xotin tavozelidir'),
  (9, 14, 'أُولَئِكَ النِّسَاءُ مُتَوَاضِعَاتٌ', 'Anavi xotinlar tavozelilardir'),
  (9, 15, 'الْإِنْسَانُ الصَّحِيحُ مَسْرُورٌ', 'Sog''lom kishi xursanddir'),
  (9, 16, 'النَّاسُ الْأَصِحَّاءُ مَسْرُورُونَ', 'Sog''lom kishilar xursanddirlar'),
  (9, 17, 'الْمَرْأَةُ الْمَرِيضَةُ مَحْزُونَةٌ', 'Bemor xotin mahzundir'),
  (9, 18, 'النِّسَاءُ الْمَرِيضَاتُ مَحْزُونَاتٌ', 'Bemor xotinlar mahzundirlar'),
  (9, 19, 'هَذَا الْوَلَدُ مُجْتَهِدٌ', 'Bu bola faoldir'),
  (9, 20, 'هَؤُلَاءِ الْأَوْلَادُ مُجْتَهِدُونَ', 'Bu bolalar faoldirlar'),
  (9, 21, 'ذَاكَ التِّلْمِيذُ كَسْلَانُ', 'Anavi shogird dangasadir'),
  (9, 22, 'أُولَئِكَ التَّلَامِيذُ كُسَالَى', 'Anavi shogirdlar dangasalardir'),
  (9, 23, 'هَذَا الرَّجُلُ صَادِقٌ', 'Bu kishi rostgo''ydir'),
  (9, 24, 'هَؤُلَاءِ الرِّجَالُ صَادِقُونَ', 'Bu kishilar rostgo''ylardir'),
  (9, 25, 'تِلْكَ الْخَادِمَةُ كَاذِبَةٌ', 'Anavi xizmatchi ayol yolg''onchidir'),
  (9, 26, 'أُولَئِكَ الْخَادِمَاتُ كَاذِبَاتٌ', 'Anavi xizmatchi ayollar yolg''onchilardir'),
  (9, 27, 'هُوَ مُتَوَاضِعٌ', 'U tavozelidir'),
  (9, 28, 'هُمْ مُتَوَاضِعُونَ', 'Ular tavozelilardir'),
  (9, 29, 'أَنْتَ مُتَكَبِّرٌ', 'Sen takabbursan'),
  (9, 30, 'أَنْتُمْ مُتَكَبِّرُونَ', 'Sizlar takabburlisizlar'),
  (9, 31, 'أَنَا مَسْرُورٌ', 'Men xursandman'),
  (9, 32, 'نَحْنُ مَسْرُورُونَ', 'Biz xursandmiz'),
  (9, 33, 'هِيَ كَاذِبَةٌ', 'U yolg''onchidir'),
  (9, 34, 'هُنَّ كَاذِبَاتٌ', 'Ular yolg''onchilardir'),
  (9, 35, 'أَنْتَ صَادِقٌ', 'Sen rostgo''ysan'),
  (9, 36, 'أَنْتُمْ صَادِقُونَ', 'Sizlar rostgo''ylarsiz'),
  (10, 1, 'هَذَا الرَّجُلُ نَجَّارٌ', 'Bu kishi duradgordir'),
  (10, 2, 'هَؤُلَاءِ الرِّجَالُ نَجَّارُونَ', 'Bu kishilar duradgorlardir'),
  (10, 3, 'هَذَا الْخَيَّاطُ شَيْخٌ', 'Bu tikuvchi qariyadir'),
  (10, 4, 'هَؤُلَاءِ الْخَيَّاطُونَ شُيُوخٌ', 'Bu tikuvchilar qariyalardir'),
  (10, 5, 'جَارُكَ خَبَّازٌ', 'Sening qo''shning nonvoydir'),
  (10, 6, 'جِيرَانُكُمْ خَبَّازُونَ', 'Sizning qo''shnilaringiz nonvoylardir'),
  (10, 7, 'جَارِي حَدَّادٌ', 'Mening qo''shnim temirchidir'),
  (10, 8, 'جِيرَانُنَا حَدَّادُونَ', 'Bizning qo''shnilarimiz temirchilardir'),
  (10, 9, 'هَذَا الْقَصَّابُ مَرِيضٌ', 'Bu qassob bemordir'),
  (10, 10, 'هَؤُلَاءِ الْقَصَّابُونَ مَرْضَى', 'Bu qassoblar bemorlardir'),
  (10, 11, 'ذَاكَ الْخَفَّافُ فَقِيرٌ', 'Anavi etikdo''z kambag''aldir'),
  (10, 12, 'أُولَئِكَ الْخَفَّافُونَ فُقَرَاءُ', 'Anavi etikdo''zlar kambag''allardir'),
  (10, 13, 'هَذَا الْحَلَّاقُ كَاذِبٌ', 'Bu sartarosh yolg''onchidir'),
  (10, 14, 'هَؤُلَاءِ الْحَلَّاقُونَ كَاذِبُونَ', 'Bu sartaroshlar yolg''onchilardir'),
  (10, 15, 'تِلْكَ الْقَصَّارَةُ فَقِيرَةٌ', 'Anavi kir yuvuvchi xotin kambag''aldir'),
  (10, 16, 'أُولَئِكَ الْقَصَّارَاتُ فَقِيرَاتٌ', 'Anavi kir yuvuvchi xotinlar kambag''allardir'),
  (10, 17, 'هَذَا الرَّجُلُ فَرَّاشٌ', 'Bu kishi farroshdir'),
  (10, 18, 'هَؤُلَاءِ الرِّجَالُ فَرَّاشُونَ', 'Bu kishilar farroshlardir'),
  (10, 19, 'ذَاكَ الْحَمَّالُ قَوِيٌّ', 'Anavi hammol kuchlidir'),
  (10, 20, 'أُولَئِكَ الْحَمَّالُونَ أَقْوِيَاءُ', 'Anavi hammollar kuchlilardir'),
  (10, 21, 'هَذَا الدَّلَّالُ صَادِقٌ', 'Bu dallol rostgo''ydir'),
  (10, 22, 'هَؤُلَاءِ الدَّلَّالُونَ صَادِقُونَ', 'Bu dallollar rostgo''ylardir'),
  (10, 23, 'ذَاكَ الْفَلَّاحُ غَنِيٌّ', 'Anavi dehqon boydir'),
  (10, 24, 'أُولَئِكَ الْفَلَّاحُونَ أَغْنِيَاءُ', 'Anavi dehqonlar boylardir'),
  (10, 25, 'هَذَا الْمَلَّاحُ صَحِيحٌ', 'Bu kemachi sog''lomdir'),
  (10, 26, 'هَؤُلَاءِ الْمَلَّاحُونَ أَصِحَّاءُ', 'Bu kemachilar sog''lomlardir'),
  (10, 27, 'ذَاكَ الْكَسْلَانُ بَطَّالٌ', 'Anavi dangasa ishsizdir'),
  (10, 28, 'أُولَئِكَ الْكُسَالَى بَطَّالُونَ', 'Anavi dangasalar ishsizlardir'),
  (10, 29, 'هُوَ نَجَّارٌ', 'U duradgordir'),
  (10, 30, 'هُمْ نَجَّارُونَ', 'Ular duradgorlardir'),
  (10, 31, 'أَنْتَ خَيَّاطٌ', 'Sen tikuvchisan'),
  (10, 32, 'أَنْتُمْ خَيَّاطُونَ', 'Sizlar tikuvchisizlar'),
  (10, 33, 'أَنَا حَدَّادٌ', 'Men temirchiman'),
  (10, 34, 'نَحْنُ حَدَّادُونَ', 'Bizlar temirchilarmiz'),
  (10, 35, 'هُوَ خَبَّازٌ', 'U nonvoydir'),
  (10, 36, 'هُمْ خَبَّازُونَ', 'Ular nonvoylardir'),
  (10, 37, 'أَنْتَ قَصَّابٌ', 'Sen qassobsan'),
  (10, 38, 'أَنْتُمْ قَصَّابُونَ', 'Sizlar qassoblarsiz'),
  (10, 39, 'أَنَا خَفَّافٌ', 'Men etikdo''zman'),
  (10, 40, 'نَحْنُ خَفَّافُونَ', 'Bizlar etikdo''zlarmiz'),
  (10, 41, 'الرَّجُلُ الْبَطَّالُ كَسْلَانُ', 'Ishsiz kishi dangasadir'),
  (10, 42, 'الرِّجَالُ الْبَطَّالُونَ كُسَالَى', 'Ishsiz kishilar dangasalardir'),
  (10, 43, 'الرَّجُلُ الْكَسْلَانُ مَرِيضٌ', 'Dangasa kishi bemordir'),
  (10, 44, 'الرِّجَالُ الْكُسَالَى مَرْضَى', 'Dangasa kishilar bemorlardir'),
  (11, 1, 'هُوَ أَزْهَرُ', 'U oq yuzlidir'),
  (11, 2, 'هُمْ زُهْرٌ', 'Ular oq yuzlilardir'),
  (11, 3, 'هِيَ زَهْرَاءُ', 'U ayol oq yuzlidir'),
  (11, 4, 'هُنَّ زُهْرٌ', 'U ayollar oq yuzlilardir'),
  (11, 5, 'أَنْتَ أَسْمَرُ', 'Sen qora yuzlisan'),
  (11, 6, 'أَنْتُمْ سُمْرٌ', 'Sizlar qora yuzlisizlar'),
  (11, 7, 'أَنْتِ خَرْسَاءُ', 'Sen ayol tilsizsan'),
  (11, 8, 'أَنْتُنَّ خُرْسٌ', 'Siz ayollar tilsizsizlar'),
  (11, 9, 'أَنَا أَشْقَرُ', 'Men qizil yuzliman'),
  (11, 10, 'نَحْنُ شُقْرٌ', 'Biz qizil yuzlilarmiz'),
  (11, 11, 'هُوَ أَصَمُّ', 'U kardir'),
  (11, 12, 'هُمْ صُمٌّ', 'Ular karlardir'),
  (11, 13, 'هِيَ عَمْيَاءُ', 'U ayol ko''rdir'),
  (11, 14, 'هُنَّ عُمْيٌ', 'U ayollar ko''rlardir'),
  (11, 15, 'هَذَا الرَّجُلُ أَحْمَقُ', 'Bu kishi ahmoqdir'),
  (11, 16, 'هَذِهِ الْمَرْأَةُ حَمْقَاءُ', 'Bu ayol ahmoqdir'),
  (11, 17, 'هَذَا الإِنْسَانُ أَشَلُّ', 'Bu kishi sholdir'),
  (11, 18, 'هَذَا الشَّيْخُ أَعْرَجُ', 'Bu qariya oqsoqdir'),
  (11, 19, 'هَذِهِ الْعَجُوزُ حَدْبَاءُ', 'Bu kampir bukridir'),
  (11, 20, 'ذَاكَ الشَّابُّ أَزْهَرُ', 'Anavi yigit oq yuzlidir'),
  (11, 21, 'تِلْكَ الشَّابَّةُ شَلَّاءُ', 'Anavi qiz sholdir'),
  (11, 22, 'هَذَا الصَّبِيُّ أَلْثَغُ', 'Bu go''dak soqovdir'),
  (11, 23, 'هَذِهِ الصَّبِيَّةُ لَثْغَاءُ', 'Bu go''dak qiz soqovdir'),
  (11, 24, 'صَدِيقُهُ أَزْهَرُ', 'Uning do''sti oq yuzlidir'),
  (11, 25, 'صَدِيقَتُهَا زَهْرَاءُ', 'Uning ayol do''sti oq yuzlidir'),
  (11, 26, 'اِبْنُكَ أَسْمَرُ', 'Sening o''g''ling qora yuzlidir'),
  (11, 27, 'اِبْنَتُكَ سَمْرَاءُ', 'Sening qizing qora yuzlidir'),
  (11, 28, 'أَبُوهُ أَصَمُّ', 'Uning otasi kardir'),
  (11, 29, 'أُمُّهُ عَمْيَاءُ', 'Uning onasi ko''rdir'),
  (11, 30, 'أَخِي أَعْرَجُ', 'Mening akam/ukam oqsoqdir'),
  (11, 31, 'أُخْتِي لَثْغَاءُ', 'Mening opam/singlim soqovdir'),
  (11, 32, 'الرَّجُلُ الأَخْرَسُ أَصَمُّ', 'Tilsiz kishi kardir'),
  (11, 33, 'الرِّجَالُ الْخُرْسُ صُمٌّ', 'Tilsiz kishilar karlardir'),
  (11, 34, 'الْمَرْأَةُ الْخَرْسَاءُ صَمَّاءُ', 'Tilsiz ayol kardir'),
  (11, 35, 'النِّسَاءُ الْخُرْسُ صُمٌّ', 'Tilsiz ayollar karlardir'),
  (11, 36, 'الإِنْسَانُ الأَعْمَى مَحْزُونٌ', 'Ko''r kishi xafadir'),
  (11, 37, 'الشَّيْخُ الأَعْرَجُ ضَعِيفٌ', 'Oqsoq qariya kuchsizdir'),
  (11, 38, 'الْعَجُوزُ الْحَدْبَاءُ مَرِيضَةٌ', 'Bukri kampir bemordir'),
  (11, 39, 'الْوَلَدُ الأَلْثَغُ مَرِيضٌ', 'Soqov bola bemordir'),
  (11, 40, 'هَذَا الشَّابُّ الأَشْقَرُ خَيَّاطٌ مَاهِرٌ', 'Bu qizil yuzli yigit mohir tikuvchidir'),
  (11, 41, 'ذَاكَ النَّجَّارُ الأَخْرَسُ أَصَمُّ', 'Anavi tilsiz duradgor kardir'),
  (11, 42, 'هَؤُلَاءِ الْحَدَّادُونَ الْخُرْسُ صُمٌّ', 'Bu tilsiz temirchilar karlardir'),
  (11, 43, 'أُولَئِكَ الْحَمَّالُونَ الْفُقَرَاءُ حُولٌ', 'Anavi kambag''al hammollar g''ilay ko''zlilardir')
on conflict (lesson_id, position) do update
set arabic = excluded.arabic,
    uzbek = excluded.uzbek;

commit;
